Empty_240_S459_R2_001.fastq.gz,1,-1.3333
ITS-SB_4_S740_R1_001.fastq.gz,144836,0.1548
ITS-NL2_4_S676_R1_001.fastq.gz,454736,0.3408
ITS-NL2_157_S249_R1_001.fastq.gz,272427,0.0094
Empty_427_S1128_R1_001.fastq.gz,13897,0.0561
ITSmix-NL2_125_S121_R1_001.fastq.gz,94962,0.0059
LSU-SB_104_S1384_R1_001.fastq.gz,45100,0.0133
SSU-NL2_160_S348_R2_001.fastq.gz,301693,0.0911
ITS-NL2_202_S730_R1_001.fastq.gz,263445,0.0318
Empty_327_S782_R2_001.fastq.gz,1,0.0000
SSU-NL2_3_S867_R1_001.fastq.gz,308960,-0.0024
SSU-NL2_144_S332_R2_001.fastq.gz,216646,0.0816
LSU-SB_115_S1395_R1_001.fastq.gz,18653,-0.0058
Empty_262_S481_R2_001.fastq.gz,17781,0.1260
Empty_286_S550_R1_001.fastq.gz,216817,-0.0032
ITSmix-NL2_114_S110_R2_001.fastq.gz,15703,0.2178
Empty_133_S220_R2_001.fastq.gz,126646,0.1624
Empty_518_S1240_R1_001.fastq.gz,3,-0.1290
ITS-SB_123_S1307_R1_001.fastq.gz,255279,0.0292
SSU-NL2_152_S340_R1_001.fastq.gz,435787,-0.0056
Empty_497_S1219_R2_001.fastq.gz,7,1.2619
Empty_260_S479_R1_001.fastq.gz,0,0.0000
Empty_252_S471_R1_001.fastq.gz,0,0.0000
ITS-NL2_140_S232_R1_001.fastq.gz,485552,0.0352
Empty_64_S64_R2_001.fastq.gz,2,0.3750
Empty_199_S418_R1_001.fastq.gz,0,0.0000
ITSmix-SB_24_S664_R2_001.fastq.gz,449686,0.1940
Empty_508_S1230_R1_001.fastq.gz,2,1.0909
SSU-NL2_6_S870_R1_001.fastq.gz,568591,-0.0247
ITS-SB_105_S1289_R2_001.fastq.gz,208206,-0.0970
LSU-SB_66_S1346_R1_001.fastq.gz,307182,-0.0044
LSU-NL2_160_S540_R2_001.fastq.gz,271278,0.1121
Empty_526_S1248_R1_001.fastq.gz,1,0.0000
ITSmix-NL2_118_S114_R1_001.fastq.gz,9491,0.0104
Empty_417_S948_R1_001.fastq.gz,422050,-0.0039
ITSmix-NL2_167_S163_R1_001.fastq.gz,163340,0.0463
ITS-NL2_169_S261_R2_001.fastq.gz,9304,0.0986
Empty_11_S11_R1_001.fastq.gz,2,-0.0800
ITSmix-NL2_32_S608_R1_001.fastq.gz,548377,-0.0082
LSU-SB_138_S1418_R2_001.fastq.gz,361970,0.1085
ITSmix-SB_99_S1091_R1_001.fastq.gz,219057,0.1191
Empty_49_S49_R2_001.fastq.gz,3,0.0000
ITSmix-NL2_12_S588_R1_001.fastq.gz,374243,0.1165
LSU-NL2_169_S549_R2_001.fastq.gz,19219,0.1118
SSU-Blank3_S1536_R1_001.fastq.gz,57208,0.0329
Empty_17_S17_R1_001.fastq.gz,2,0.0000
ITSmix-NL2_133_S129_R2_001.fastq.gz,66751,0.3529
Empty_12_S12_R1_001.fastq.gz,1,-0.8571
ITS-SB_24_S760_R2_001.fastq.gz,302841,0.0947
LSU-NL2_127_S507_R2_001.fastq.gz,14484,0.0784
ITSmix-NL2_103_S99_R2_001.fastq.gz,50102,0.3963
ITSmix-NL2_118_S114_R2_001.fastq.gz,9491,0.1411
LSU-NL2_183_S563_R1_001.fastq.gz,318876,0.0198
Empty_240_S459_R1_001.fastq.gz,1,-1.0909
ITSmix-NL2_160_S156_R1_001.fastq.gz,115403,0.0548
Empty_307_S690_R2_001.fastq.gz,286987,-0.1571
SSU-SB_155_S1531_R1_001.fastq.gz,269242,-0.0156
SSU-SB_131_S1507_R2_001.fastq.gz,321601,-0.0308
Empty_324_S779_R2_001.fastq.gz,4,-0.6733
ITS-NL2_177_S269_R2_001.fastq.gz,199077,-0.0070
Empty_141_S248_R1_001.fastq.gz,329536,0.0576
SSU-SB_6_S934_R1_001.fastq.gz,378336,-0.0294
Empty_364_S819_R2_001.fastq.gz,10,-0.0056
ITS-NL2_33_S705_R1_001.fastq.gz,21422,0.1488
LSU-SB_92_S1372_R1_001.fastq.gz,319207,-0.0003
Empty_518_S1240_R2_001.fastq.gz,3,-0.6222
Empty_336_S791_R2_001.fastq.gz,0,0.0000
Empty_373_S828_R2_001.fastq.gz,0,0.0000
ITS-SB_65_S1249_R1_001.fastq.gz,17199,-0.0025
Empty_395_S850_R2_001.fastq.gz,1,0.0000
ITSmix-NL2_177_S173_R1_001.fastq.gz,89222,0.0461
ITS-SB_142_S1326_R1_001.fastq.gz,197760,-0.0093
LSU-SB_153_S1433_R2_001.fastq.gz,365612,0.1037
Empty_92_S92_R2_001.fastq.gz,7,-0.3175
LSU-NL2_47_S1007_R2_001.fastq.gz,286888,-0.0167
SSU-SB_75_S1451_R1_001.fastq.gz,269690,0.0700
LSU-NL2_22_S982_R1_001.fastq.gz,312952,0.0605
Empty_168_S387_R2_001.fastq.gz,0,0.0000
ITS-SB_80_S1264_R1_001.fastq.gz,324397,-0.0073
ITSmix-NL2_127_S123_R1_001.fastq.gz,13253,0.0316
Empty_555_S1437_R2_001.fastq.gz,265424,0.1155
ITS-NL2_176_S268_R2_001.fastq.gz,184107,-0.1002
SSU-NL2_11_S875_R2_001.fastq.gz,10450,0.0792
Empty_112_S147_R2_001.fastq.gz,120098,0.1773
ITS-NL2_43_S715_R2_001.fastq.gz,247150,-0.0105
LSU-NL2_7_S967_R2_001.fastq.gz,330254,0.0447
LSU-SB_124_S1404_R2_001.fastq.gz,436097,0.0926
Empty_512_S1234_R2_001.fastq.gz,2,0.4444
ITSmix-NL2_33_S609_R1_001.fastq.gz,377809,0.1629
Empty_224_S443_R1_001.fastq.gz,0,0.0000
ITS-SB_126_S1310_R2_001.fastq.gz,268559,-0.0036
ITSmix-SB_162_S640_R2_001.fastq.gz,431352,0.0867
ITSmix-NL2_9_S585_R1_001.fastq.gz,440550,0.1546
Empty_414_S938_R2_001.fastq.gz,371790,0.0483
ITSmix-NL2_184_S180_R1_001.fastq.gz,156474,0.0419
Empty_210_S429_R2_001.fastq.gz,8,0.9659
Empty_282_S537_R1_001.fastq.gz,268458,0.0749
LSU-Blank1_S576_R2_001.fastq.gz,1184901,0.1845
Empty_154_S329_R1_001.fastq.gz,287065,0.0054
Empty_272_S509_R2_001.fastq.gz,367915,0.0134
ITSmix-NL2_162_S158_R2_001.fastq.gz,205688,0.2105
Empty_415_S939_R2_001.fastq.gz,394237,0.1635
LSU-NL2_5_S965_R2_001.fastq.gz,367673,-0.0064
Empty_183_S402_R1_001.fastq.gz,0,0.0000
Empty_414_S938_R1_001.fastq.gz,371790,-0.0064
ITSmix-SB_7_S647_R1_001.fastq.gz,273953,0.1198
Empty_472_S1194_R2_001.fastq.gz,7,-0.5691
SSU-NL2_35_S899_R2_001.fastq.gz,295302,0.0777
Empty_519_S1241_R1_001.fastq.gz,3,0.0000
ITS-NL2_48_S720_R2_001.fastq.gz,358199,0.0163
ITSmix-SB_159_S1151_R1_001.fastq.gz,371007,0.1193
ITSmix-SB_126_S1118_R1_001.fastq.gz,221340,0.0235
SSU-SB_93_S1469_R1_001.fastq.gz,16939,0.0123
SSU-NL2_19_S883_R1_001.fastq.gz,10494,0.0314
ITSmix-NL2_204_S636_R2_001.fastq.gz,470108,0.2114
ITSmix-SB_69_S1061_R1_001.fastq.gz,312435,0.0071
ITS-SB_15_S751_R1_001.fastq.gz,422955,0.3136
SSU-SB_162_S928_R2_001.fastq.gz,359043,0.0980
ITS-SB_112_S1296_R2_001.fastq.gz,404993,-0.1738
Empty_92_S92_R1_001.fastq.gz,7,0.0857
SSU-SB_92_S1468_R2_001.fastq.gz,304998,-0.0477
Empty_125_S177_R1_001.fastq.gz,75835,0.0685
Empty_155_S333_R1_001.fastq.gz,10856,0.0487
Empty_165_S374_R2_001.fastq.gz,328972,0.0895
Empty_143_S267_R1_001.fastq.gz,13573,0.0480
ITS-NL2_109_S201_R1_001.fastq.gz,142487,0.0481
LSU-SB_144_S1424_R2_001.fastq.gz,569511,0.0830
LSU-SB_156_S1436_R1_001.fastq.gz,263374,-0.0083
LSU-NL2_138_S1021_R2_001.fastq.gz,177579,-0.0700
SSU-NL2_123_S311_R2_001.fastq.gz,8887,0.1154
Empty_275_S514_R2_001.fastq.gz,270600,0.2261
Empty_65_S65_R1_001.fastq.gz,6,0.4444
ITS-NL2_162_S254_R1_001.fastq.gz,12392,0.0316
ITSmix-NL2_155_S151_R2_001.fastq.gz,12816,0.1377
SSU-SB_31_S959_R1_001.fastq.gz,15889,0.0320
ITSmix-NL2_39_S615_R1_001.fastq.gz,435891,0.0694
SSU-NL2_162_S350_R1_001.fastq.gz,13356,0.0085
SSU-SB_145_S1522_R2_001.fastq.gz,264924,-0.0207
Empty_59_S59_R2_001.fastq.gz,0,0.0000
ITSmix-SB_132_S1124_R1_001.fastq.gz,11760,0.0400
Empty_3_S3_R2_001.fastq.gz,1,-2.0000
LSU-NL2_108_S488_R2_001.fastq.gz,595473,0.0285
SSU-NL2_19_S883_R2_001.fastq.gz,10494,0.0695
Empty_449_S1171_R2_001.fastq.gz,0,0.0000
Empty_152a_S318_R1_001.fastq.gz,505252,-0.0106
Empty_418_S968_R1_001.fastq.gz,493889,0.0075
Empty_322_S777_R2_001.fastq.gz,5,-0.5333
Empty_179_S398_R2_001.fastq.gz,26,-0.2782
Empty_61_S61_R2_001.fastq.gz,1,-0.5000
Empty_294_S574_R1_001.fastq.gz,258410,-0.0070
SSU-NL2_183_S371_R2_001.fastq.gz,278809,0.1466
ITS-NL2_3_S675_R1_001.fastq.gz,379221,0.0135
Empty_504_S1226_R2_001.fastq.gz,5,0.3357
Empty_9_S9_R1_001.fastq.gz,0,0.0000
ITS-SB_27_S763_R1_001.fastq.gz,162605,0.0084
SSU-NL2_109_S297_R1_001.fastq.gz,277049,-0.0000
ITSmix-SB_124_S1116_R1_001.fastq.gz,314421,0.0183
LSU-SB_91_S1371_R1_001.fastq.gz,334232,-0.0074
Empty_39_S39_R2_001.fastq.gz,2,-0.3478
Empty_440_S1162_R2_001.fastq.gz,5,-0.3898
LSU-SB_133_S1413_R1_001.fastq.gz,341080,-0.0037
ITSmix-Blank3_S1152_R2_001.fastq.gz,165014,0.2618
LSU-NL2_42_S1002_R2_001.fastq.gz,339632,-0.0220
LSU-NL2_125_S505_R2_001.fastq.gz,382473,-0.0561
ITS-NL2_132_S224_R1_001.fastq.gz,180940,0.0478
Empty_261_S480_R1_001.fastq.gz,9,-0.0593
ITSmix-NL2_199_S631_R2_001.fastq.gz,624086,0.5445
SSU-SB_158_S1534_R1_001.fastq.gz,142825,-0.0026
ITS-SB_128_S1312_R2_001.fastq.gz,643081,-0.0153
ITSmix-SB_125_S1117_R1_001.fastq.gz,315682,0.1675
SSU-SB_86_S1462_R1_001.fastq.gz,199681,0.0241
ITS-SB_18_S754_R1_001.fastq.gz,188349,0.0547
Empty_308_S734_R2_001.fastq.gz,11034,0.0775
Empty_16_S16_R1_001.fastq.gz,3,0.0117
Empty_300_S643_R2_001.fastq.gz,255942,0.1597
SSU-NL2_151_S339_R1_001.fastq.gz,346457,-0.0051
Empty_36_S36_R2_001.fastq.gz,0,0.0000
ITSmix-NL2_160_S156_R2_001.fastq.gz,115403,0.2140
ITSmix-SB_116_S1108_R2_001.fastq.gz,214336,0.1573
ITS-SB_21_S757_R1_001.fastq.gz,199102,0.3084
ITSmix-SB_127_S1119_R2_001.fastq.gz,452337,0.2144
Empty_74_S74_R1_001.fastq.gz,0,0.0000
Empty_246_S465_R2_001.fastq.gz,1,0.0000
LSU-NL2_29_S989_R2_001.fastq.gz,237784,-0.0566
Empty_72_S72_R2_001.fastq.gz,33,0.1188
LSU-SB_65_S1345_R2_001.fastq.gz,252081,0.1558
LSU-NL2_4_S964_R2_001.fastq.gz,312456,0.1539
SSU-SB_74_S1450_R1_001.fastq.gz,200525,-0.0017
LSU-SB_114_S1394_R1_001.fastq.gz,298475,-0.0034
LSU-SB_21_S1045_R2_001.fastq.gz,344481,-0.0557
Empty_288_S555_R2_001.fastq.gz,15007,0.0936
LSU-NL2_137b_S518_R2_001.fastq.gz,16299,0.0693
LSU-SB_102_S1382_R1_001.fastq.gz,297476,-0.0094
Empty_137_S233_R2_001.fastq.gz,244635,0.0070
SSU-NL2_182_S370_R2_001.fastq.gz,433913,0.1086
ITS-SB_121_S1305_R1_001.fastq.gz,21747,-0.0185
LSU-NL2_203_S1019_R1_001.fastq.gz,275291,0.0917
LSU-NL2_190_S570_R2_001.fastq.gz,286061,-0.1132
Empty_167_S386_R2_001.fastq.gz,3,0.2667
ITSmix-NL2_167_S163_R2_001.fastq.gz,163340,0.2057
Empty_113_S150_R1_001.fastq.gz,88950,0.0435
ITSmix-SB_146_S1137_R2_001.fastq.gz,256116,0.4355
ITSmix-SB_158_S1150_R2_001.fastq.gz,12729,0.0503
SSU-SB_122_S1498_R1_001.fastq.gz,11210,0.0007
SSU-SB_80_S1456_R2_001.fastq.gz,482450,0.1270
Empty_289_S556_R1_001.fastq.gz,256540,0.0185
SSU-NL2_194_S382_R2_001.fastq.gz,479865,0.0337
Empty_242_S461_R2_001.fastq.gz,1,0.0000
SSU-SB_17_S945_R2_001.fastq.gz,407886,0.0438
LSU-NL2_51_S1011_R2_001.fastq.gz,277122,-0.0246
Empty_296_S592_R2_001.fastq.gz,386782,0.3440
Empty_191_S410_R1_001.fastq.gz,0,0.0000
Empty_403_S858_R1_001.fastq.gz,13,0.0000
ITSmix-NL2_136_S132_R1_001.fastq.gz,14735,0.0302
ITS-SB_108_S1292_R2_001.fastq.gz,236185,0.0030
Empty_108_S130_R1_001.fastq.gz,32546,0.0010
Empty_530_S1269_R1_001.fastq.gz,132995,-0.0120
Empty_82_S82_R2_001.fastq.gz,2,0.3333
Empty_443_S1165_R1_001.fastq.gz,3,0.3810
SSU-SB_148_S1524_R1_001.fastq.gz,214498,0.0140
ITSmix-SB_128_S1120_R1_001.fastq.gz,338633,0.0203
Empty_88_S88_R1_001.fastq.gz,2,-1.0000
ITS-SB_118_S1302_R2_001.fastq.gz,230386,-0.1833
ITSmix-SB_2_S642_R2_001.fastq.gz,6575,0.0370
SSU-NL2_122_S310_R2_001.fastq.gz,315609,0.0826
Empty_457_S1179_R1_001.fastq.gz,0,0.0000
LSU-SB_67_S1347_R1_001.fastq.gz,364538,-0.0043
ITS-NL2_130_S222_R2_001.fastq.gz,182064,0.0505
Empty_533_S1282_R1_001.fastq.gz,268479,-0.0363
ITS-NL2_49_S721_R1_001.fastq.gz,363474,0.0292
SSU-SB_128_S1504_R2_001.fastq.gz,334036,-0.0486
SSU-SB_117_S1493_R1_001.fastq.gz,260055,0.0897
ITS-SB_112_S1296_R1_001.fastq.gz,404993,-0.0326
ITSmix-SB_107_S1099_R2_001.fastq.gz,445786,0.0927
SSU-SB_105_S1481_R2_001.fastq.gz,238591,-0.0325
LSU-NL2_26_S986_R2_001.fastq.gz,241426,-0.0317
SSU-SB_3_S931_R2_001.fastq.gz,273739,0.0804
ITSmix-SB_88_S1080_R2_001.fastq.gz,340509,0.2711
Empty_102_S115_R2_001.fastq.gz,59758,0.1832
ITSmix-NL2_24_S600_R2_001.fastq.gz,567838,0.4045
ITSmix-SB_22_S662_R2_001.fastq.gz,265129,-0.0737
LSU-NL2_177_S557_R2_001.fastq.gz,242957,-0.0328
ITS-SB_119_S1303_R2_001.fastq.gz,370406,0.0173
Empty_362_S817_R1_001.fastq.gz,3,0.0000
Empty_522_S1244_R2_001.fastq.gz,5,0.3556
Empty_119_S166_R1_001.fastq.gz,192451,0.0785
SSU-SB_121_S1497_R2_001.fastq.gz,304664,-0.0598
SSU-SB_118_S1494_R1_001.fastq.gz,294480,0.0096
ITSmix-SB_108_S1100_R2_001.fastq.gz,298476,0.1830
Empty_516_S1238_R1_001.fastq.gz,1,0.0000
SSU-SB_103_S1479_R1_001.fastq.gz,308818,0.0049
Empty_151_S317_R1_001.fastq.gz,321079,-0.0046
LSU-NL2_146_S526_R1_001.fastq.gz,333740,0.2560
Empty_56_S56_R2_001.fastq.gz,8,0.0000
ITSmix-NL2_189_S185_R1_001.fastq.gz,48799,0.0894
SSU-SB_9_S937_R2_001.fastq.gz,385236,0.0707
Empty_422_S1040_R2_001.fastq.gz,463829,-0.0310
SSU-SB_14_S942_R2_001.fastq.gz,397915,0.0682
ITS-SB_83_S1267_R2_001.fastq.gz,138335,-0.2008
ITS-SB_153_S1337_R2_001.fastq.gz,256959,-0.0138
SSU-NL2_167_S355_R2_001.fastq.gz,304678,0.1418
ITS-SB_77_S1261_R2_001.fastq.gz,197197,0.0364
ITS-SB_22_S758_R2_001.fastq.gz,247441,0.0808
SSU-NL2_132_S320_R2_001.fastq.gz,508211,0.1030
ITSmix-NL2_42_S618_R1_001.fastq.gz,8044,0.0686
Empty_388_S843_R1_001.fastq.gz,2,0.5000
LSU-SB_92_S1372_R2_001.fastq.gz,319207,0.1027
Empty_215_S434_R2_001.fastq.gz,7,-0.4908
Empty_468_S1190_R1_001.fastq.gz,1,0.0000
Empty_184_S403_R1_001.fastq.gz,0,0.0000
SSU-NL2_42_S906_R2_001.fastq.gz,386550,0.0950
SSU-SB_148_S1524_R2_001.fastq.gz,214498,-0.0902
ITSmix-SB_85_S1077_R1_001.fastq.gz,208222,0.1359
ITS-NL2_191_S667_R2_001.fastq.gz,175339,0.0037
SSU-SB_144_S1520_R2_001.fastq.gz,337102,0.0160
Empty_521_S1243_R2_001.fastq.gz,9,-0.4305
ITS-SB_149_S1333_R1_001.fastq.gz,278943,-0.0246
ITS-NL2_142_S234_R1_001.fastq.gz,240524,0.0499
Empty_132_S208_R1_001.fastq.gz,18042,0.0219
Empty_562_S1492_R1_001.fastq.gz,287879,-0.2031
Empty_237_S456_R2_001.fastq.gz,41,-0.0742
SSU-Blank2_S960_R1_001.fastq.gz,22147,0.0411
Empty_471_S1193_R1_001.fastq.gz,3,0.0031
Empty_97_S103_R1_001.fastq.gz,51014,0.0038
Empty_345_S800_R1_001.fastq.gz,1,0.0000
SSU-NL2_200_S920_R1_001.fastq.gz,493252,-0.0034
ITS-NL2_168_S260_R1_001.fastq.gz,10686,0.0669
ITSmix-NL2_177_S173_R2_001.fastq.gz,89222,0.2431
Empty_304_S653_R1_001.fastq.gz,318217,0.1140
ITSmix-NL2_15_S591_R2_001.fastq.gz,12273,0.1352
LSU-NL2_5_S965_R1_001.fastq.gz,367673,0.0262
ITS-NL2_123_S215_R2_001.fastq.gz,14449,0.1494
SSU-NL2_146_S334_R2_001.fastq.gz,291594,0.0972
ITS-NL2_15_S682_R2_001.fastq.gz,9930,0.0158
Empty_244_S463_R2_001.fastq.gz,1,0.0000
SSU-SB_114_S1490_R2_001.fastq.gz,304038,-0.0134
LSU-NL2_190_S570_R1_001.fastq.gz,286061,0.0102
SSU-SB_28_S956_R1_001.fastq.gz,295769,-0.0094
Empty_53_S53_R2_001.fastq.gz,3,0.8802
ITS-NL2_125_S217_R2_001.fastq.gz,168405,0.0194
SSU-SB_119_S1495_R1_001.fastq.gz,446982,-0.0316
SSU-NL2_49_S913_R1_001.fastq.gz,303983,-0.0060
Empty_134_S221_R2_001.fastq.gz,158584,0.0082
Empty_336_S791_R1_001.fastq.gz,0,0.0000
ITSmix-NL2_137b_S134_R2_001.fastq.gz,132652,0.2011
SSU-SB_109_S1485_R2_001.fastq.gz,357865,-0.0412
ITSmix-SB_12_S652_R1_001.fastq.gz,378699,0.1442
SSU-NL2_178_S366_R2_001.fastq.gz,272123,0.0808
ITS-NL2_135_S227_R1_001.fastq.gz,247566,0.0486
SSU-NL2_40_S904_R1_001.fastq.gz,557370,0.0041
ITSmix-SB_84_S1076_R1_001.fastq.gz,315374,0.0591
ITS-NL2_144_S236_R2_001.fastq.gz,230453,0.0001
SSU-SB_120_S1496_R1_001.fastq.gz,365828,-0.0115
Empty_425_S1060_R1_001.fastq.gz,344122,0.0243
ITS-NL2_20_S692_R1_001.fastq.gz,291419,0.1094
SSU-NL2_184_S372_R1_001.fastq.gz,336653,-0.0033
ITSmix-NL2_152_S148_R1_001.fastq.gz,93395,-0.0052
Empty_121_S171_R1_001.fastq.gz,14826,0.0294
Empty_484_S1206_R1_001.fastq.gz,9,0.1877
ITSmix-SB_8_S648_R1_001.fastq.gz,247380,0.1973
ITS-NL2_159_S251_R1_001.fastq.gz,10477,0.0286
ITS-NL2_1_S673_R2_001.fastq.gz,514343,-0.1400
LSU-NL2_2_S962_R2_001.fastq.gz,348981,-0.0506
LSU-NL2_131_S511_R1_001.fastq.gz,15752,0.0852
LSU-NL2_20_S980_R2_001.fastq.gz,333683,0.0584
LSU-SB_19_S1043_R2_001.fastq.gz,276252,-0.0337
Empty_349_S804_R1_001.fastq.gz,0,0.0000
LSU-NL2_113_S493_R1_001.fastq.gz,309723,-0.0436
Empty_175_S394_R2_001.fastq.gz,9,-0.0237
LSU-NL2_108_S488_R1_001.fastq.gz,595473,-0.0441
SSU-SB_128_S1504_R1_001.fastq.gz,334036,0.1471
SSU-SB_19_S947_R2_001.fastq.gz,337953,0.1092
LSU-SB_151_S1431_R2_001.fastq.gz,491198,0.0934
ITS-NL2_183_S275_R1_001.fastq.gz,10891,0.0387
Empty_202_S421_R1_001.fastq.gz,0,0.0000
LSU-SB_7_S1031_R2_001.fastq.gz,360523,-0.0463
ITSmix-NL2_169_S165_R2_001.fastq.gz,380661,0.4370
Empty_271_S508_R1_001.fastq.gz,393122,-0.0051
SSU-SB_161_S927_R2_001.fastq.gz,13493,0.1090
ITS-NL2_34_S706_R1_001.fastq.gz,187578,0.0147
ITS-SB_2_S738_R1_001.fastq.gz,165311,0.2736
LSU-SB_120_S1400_R1_001.fastq.gz,507948,-0.0049
LSU-NL2_10_S970_R2_001.fastq.gz,233689,-0.0367
SSU-SB_130_S1506_R1_001.fastq.gz,10868,0.0372
Empty_39_S39_R1_001.fastq.gz,2,0.0000
Empty_503_S1225_R1_001.fastq.gz,2,1.1111
SSU-SB_115_S1491_R1_001.fastq.gz,17545,-0.0047
ITSmix-SB_102_S1094_R1_001.fastq.gz,320715,0.0526
SSU-NL2_34_S898_R1_001.fastq.gz,359860,-0.0107
SSU-SB_101_S1477_R1_001.fastq.gz,316391,-0.0102
Empty_340_S795_R1_001.fastq.gz,0,0.0000
ITSmix-SB_119_S1111_R1_001.fastq.gz,566997,0.0534
ITS-NL2_29_S701_R1_001.fastq.gz,306302,-0.0175
ITSmix-SB_31_S287_R2_001.fastq.gz,13654,0.1230
LSU-SB_125_S1405_R2_001.fastq.gz,348204,0.0958
SSU-NL2_51_S915_R1_001.fastq.gz,347881,-0.0029
LSU-SB_114_S1394_R2_001.fastq.gz,298475,0.1823
Empty_431_S1153_R2_001.fastq.gz,0,0.0000
SSU-SB_5_S933_R1_001.fastq.gz,459576,-0.0242
Empty_192_S411_R1_001.fastq.gz,0,0.0000
ITSmix-NL2_117_S113_R2_001.fastq.gz,67184,0.2175
ITS-SB_68_S1252_R2_001.fastq.gz,229697,0.0014
SSU-Blank3_S1536_R2_001.fastq.gz,57208,-0.1234
ITSmix-SB_113_S1105_R1_001.fastq.gz,148181,0.0489
LSU-NL2_49_S1009_R1_001.fastq.gz,295961,0.0857
Empty_43_S43_R2_001.fastq.gz,4,0.7531
ITS-SB_162_S736_R2_001.fastq.gz,157882,-0.1541
ITS-Blank3_S1344_R2_001.fastq.gz,25168,0.0842
SSU-SB_161_S927_R1_001.fastq.gz,13493,0.0243
LSU-NL2_118_S498_R2_001.fastq.gz,6142,0.0139
Empty_185_S404_R1_001.fastq.gz,1,0.0000
ITS-SB_22_S758_R1_001.fastq.gz,247441,0.1612
SSU-SB_85_S1461_R1_001.fastq.gz,251891,0.0246
Empty_45_S45_R2_001.fastq.gz,8,1.0159
Empty_403_S858_R2_001.fastq.gz,13,0.3471
LSU-SB_130_S1410_R2_001.fastq.gz,343665,0.1210
Empty_38_S38_R2_001.fastq.gz,2,0.1287
ITS-NL2_127_S219_R2_001.fastq.gz,10455,0.1746
ITS-SB_72_S1256_R1_001.fastq.gz,25312,0.0123
ITSmix-SB_89_S1081_R2_001.fastq.gz,368156,0.2262
ITS-SB_102_S1286_R1_001.fastq.gz,210726,-0.0124
LSU-SB_162_S1024_R2_001.fastq.gz,380723,0.0208
ITS-NL2_11_S686_R1_001.fastq.gz,209461,0.0405
Empty_393_S848_R2_001.fastq.gz,0,0.0000
Empty_76_S76_R2_001.fastq.gz,0,0.0000
Empty_47_S47_R1_001.fastq.gz,1,-5.3333
Empty_197_S416_R1_001.fastq.gz,0,0.0000
ITS-NL2_195_S671_R2_001.fastq.gz,396879,-0.2134
SSU-SB_152_S1528_R1_001.fastq.gz,361605,0.0302
SSU-NL2_142_S330_R2_001.fastq.gz,316459,0.0672
Empty_23_S23_R1_001.fastq.gz,0,0.0000
SSU-SB_24_S952_R2_001.fastq.gz,486582,-0.1921
SSU-NL2_155_S343_R1_001.fastq.gz,11759,0.0312
LSU-NL2_142_S522_R2_001.fastq.gz,279606,-0.0149
ITSmix-SB_143_S1135_R1_001.fastq.gz,300093,-0.0230
ITS-NL2_39_S711_R2_001.fastq.gz,15295,0.0898
ITS-NL2_21_S693_R1_001.fastq.gz,355955,-0.2209
ITSmix-NL2_38_S614_R1_001.fastq.gz,346806,0.1050
ITS-NL2_196_S724_R2_001.fastq.gz,250198,0.0328
LSU-SB_9_S1033_R1_001.fastq.gz,339269,0.0077
SSU-NL2_120_S308_R2_001.fastq.gz,9084,0.1027
ITS-SB_86_S1270_R2_001.fastq.gz,143542,-0.1601
LSU-NL2_195_S575_R2_001.fastq.gz,247751,0.0149
SSU-NL2_140_S328_R1_001.fastq.gz,591199,-0.0029
ITSmix-SB_27_S283_R1_001.fastq.gz,948777,0.0613
ITS-NL2_148_S240_R2_001.fastq.gz,438424,-0.1623
ITSmix-SB_145_S1138_R2_001.fastq.gz,403559,0.1863
ITS-SB_94_S1278_R1_001.fastq.gz,283851,-0.0250
ITS-NL2_162_S254_R2_001.fastq.gz,12392,0.1124
ITSmix-NL2_51_S627_R1_001.fastq.gz,344446,0.1906
ITS-SB_5_S741_R1_001.fastq.gz,185112,-0.0016
SSU-NL2_16_S880_R2_001.fastq.gz,596658,0.1549
SSU-NL2_203_S923_R2_001.fastq.gz,375814,0.0741
Empty_161_S362_R1_001.fastq.gz,339666,-0.0078
Empty_209_S428_R1_001.fastq.gz,10,-0.0650
Empty_475_S1197_R2_001.fastq.gz,13,-0.0499
ITSmix-NL2_114_S110_R1_001.fastq.gz,15703,0.0108
ITS-SB_74_S1258_R1_001.fastq.gz,200597,-0.0255
ITSmix-SB_105_S1097_R1_001.fastq.gz,164714,0.0959
LSU-NL2_33_S993_R1_001.fastq.gz,342257,0.2822
ITS-SB_120_S1304_R1_001.fastq.gz,440675,0.0364
ITS-NL2_137a_S229_R2_001.fastq.gz,359942,0.0180
Empty_155_S333_R2_001.fastq.gz,10856,0.1040
SSU-SB_89_S1465_R2_001.fastq.gz,14001,0.0701
LSU-SB_100_S1380_R2_001.fastq.gz,333972,0.1793
ITSmix-SB_91_S1083_R1_001.fastq.gz,165098,0.0380
Empty_242_S461_R1_001.fastq.gz,1,0.0000
Empty_475_S1197_R1_001.fastq.gz,13,0.1399
ITSmix-SB_9_S649_R1_001.fastq.gz,263487,0.1236
Empty_69_S69_R1_001.fastq.gz,3,0.0000
SSU-SB_3_S931_R1_001.fastq.gz,273739,-0.0198
LSU-NL2_189_S569_R2_001.fastq.gz,226081,0.0715
ITSmix-NL2_192_S188_R1_001.fastq.gz,56757,0.1006
Empty_12_S12_R2_001.fastq.gz,1,0.8000
LSU-Blank2_S1056_R1_001.fastq.gz,58639,0.0252
Empty_347_S802_R2_001.fastq.gz,1,0.0000
SSU-NL2_102_S290_R2_001.fastq.gz,379452,0.0804
ITSmix-SB_153_S1145_R1_001.fastq.gz,10807,0.0236
ITSmix-SB_124_S1116_R2_001.fastq.gz,314421,0.1893
Empty_305_S656_R2_001.fastq.gz,25413,0.0941
Empty_387_S842_R1_001.fastq.gz,7,0.0000
Empty_170_S389_R1_001.fastq.gz,0,0.0000
Empty_540_S1320_R2_001.fastq.gz,23881,0.0786
ITS-NL2_14_S683_R2_001.fastq.gz,17544,0.1166
LSU-NL2_164_S544_R2_001.fastq.gz,466792,-0.0203
Empty_208_S427_R1_001.fastq.gz,2,0.0000
ITS-NL2_19_S691_R1_001.fastq.gz,10683,0.0278
Empty_509_S1231_R1_001.fastq.gz,0,0.0000
SSU-NL2_142_S330_R1_001.fastq.gz,316459,0.0070
SSU-NL2_121_S309_R1_001.fastq.gz,296839,-0.0041
SSU-NL2_144_S332_R1_001.fastq.gz,216646,0.0010
SSU-SB_105_S1481_R1_001.fastq.gz,238591,0.1394
Empty_361_S816_R2_001.fastq.gz,9,0.7267
SSU-SB_129_S1505_R1_001.fastq.gz,12123,0.0450
ITSmix-SB_95_S1087_R1_001.fastq.gz,359790,-0.0020
LSU-NL2_196_S1012_R1_001.fastq.gz,339286,-0.0606
ITSmix-SB_1_S641_R2_001.fastq.gz,168020,0.1661
LSU-NL2_153_S533_R1_001.fastq.gz,260488,0.0069
ITSmix-SB_142_S1134_R1_001.fastq.gz,278861,0.1233
SSU-NL2_149_S337_R1_001.fastq.gz,57037,-0.0008
Empty_144_S271_R1_001.fastq.gz,467572,0.0466
LSU-NL2_41_S1001_R2_001.fastq.gz,269460,-0.0253
SSU-NL2_169_S357_R1_001.fastq.gz,8325,0.0586
ITSmix-NL2_3_S579_R1_001.fastq.gz,356575,0.0888
LSU-SB_25_S1049_R2_001.fastq.gz,287486,0.2287
LSU-NL2_26_S986_R1_001.fastq.gz,241426,0.0905
Empty_87_S87_R1_001.fastq.gz,0,0.0000
Empty_438_S1160_R1_001.fastq.gz,2,0.3590
LSU-NL2_46_S1006_R1_001.fastq.gz,312513,0.0703
ITSmix-NL2_113_S109_R2_001.fastq.gz,53761,0.3950
ITSmix-SB_83_S1075_R1_001.fastq.gz,154675,0.0598
SSU-NL2_151_S339_R2_001.fastq.gz,346457,0.1520
SSU-SB_150_S1526_R2_001.fastq.gz,17379,0.0262
Empty_372_S827_R1_001.fastq.gz,1,0.0000
SSU-SB_143_S1519_R2_001.fastq.gz,532728,-0.0774
SSU-NL2_22_S886_R2_001.fastq.gz,293166,0.1038
Empty_102_S115_R1_001.fastq.gz,59758,-0.0009
ITSmix-NL2_18_S594_R1_001.fastq.gz,8563,0.0217
Empty_319_S774_R2_001.fastq.gz,0,0.0000
LSU-SB_152_S1432_R2_001.fastq.gz,471396,0.0983
ITS-SB_101_S1285_R2_001.fastq.gz,203972,-0.0661
Empty_38_S38_R1_001.fastq.gz,2,0.0000
Empty_557_S1449_R1_001.fastq.gz,225456,0.0707
ITSmix-NL2_25_S601_R1_001.fastq.gz,292372,0.2104
LSU-NL2_160_S540_R1_001.fastq.gz,271278,0.0554
LSU-SB_27_S1051_R1_001.fastq.gz,318059,0.0994
SSU-NL2_133_S321_R1_001.fastq.gz,366580,-0.0104
Empty_88_S88_R2_001.fastq.gz,2,1.0000
Empty_474_S1196_R2_001.fastq.gz,9,0.2020
Empty_295_S584_R1_001.fastq.gz,572705,0.2359
LSU-NL2_35_S995_R1_001.fastq.gz,280620,0.0814
ITSmix-NL2_137b_S134_R1_001.fastq.gz,132652,-0.0078
ITS-NL2_16_S681_R2_001.fastq.gz,476396,0.0553
Empty_533_S1282_R2_001.fastq.gz,268479,-0.2115
Empty_343_S798_R1_001.fastq.gz,0,0.0000
Empty_140_S246_R1_001.fastq.gz,270973,0.0181
ITS-NL2_17_S689_R2_001.fastq.gz,375507,-0.0652
Empty_47_S47_R2_001.fastq.gz,1,0.0000
ITSmix-NL2_34_S610_R1_001.fastq.gz,8941,0.0377
ITS-SB_81_S1265_R2_001.fastq.gz,221066,-0.0913
Empty_7_S7_R2_001.fastq.gz,2,0.6000
ITSmix-SB_30_S670_R2_001.fastq.gz,369906,0.0499
LSU-NL2_202_S1018_R2_001.fastq.gz,330978,-0.0004
ITSmix-NL2_193_S189_R2_001.fastq.gz,69347,0.1854
LSU-NL2_121_S501_R1_001.fastq.gz,14577,0.0540
Empty_354_S809_R1_001.fastq.gz,8,0.1818
SSU-NL2_23_S887_R2_001.fastq.gz,11636,0.0799
Empty_205_S424_R1_001.fastq.gz,3,0.0000
Empty_153_S327_R2_001.fastq.gz,380653,0.0738
Empty_546_S1353_R1_001.fastq.gz,250647,-0.0059
SSU-NL2_17_S881_R2_001.fastq.gz,339894,0.0960
Empty_169_S388_R1_001.fastq.gz,0,0.0000
SSU-SB_67_S1443_R2_001.fastq.gz,300897,0.0469
ITS-NL2_9_S688_R2_001.fastq.gz,458744,0.2089
ITS-NL2_7_S679_R1_001.fastq.gz,446380,0.2667
ITSmix-NL2_17_S593_R1_001.fastq.gz,305476,0.1722
SSU-NL2_187_S375_R2_001.fastq.gz,470263,0.0613
SSU-SB_96_S1472_R1_001.fastq.gz,513573,0.0326
ITS-NL2_23_S695_R1_001.fastq.gz,11598,0.1050
Empty_356_S811_R2_001.fastq.gz,6,0.1707
Empty_385_S840_R2_001.fastq.gz,56,-0.4282
ITSmix-NL2_18_S594_R2_001.fastq.gz,8563,0.0012
Empty_218_S437_R1_001.fastq.gz,11,0.1939
SSU-SB_108_S1484_R1_001.fastq.gz,340356,0.0927
ITSmix-NL2_140_S136_R2_001.fastq.gz,139342,0.0896
Empty_162_S363_R1_001.fastq.gz,12437,0.0521
Empty_142_S266_R2_001.fastq.gz,238965,-0.0652
LSU-SB_129_S1409_R2_001.fastq.gz,13126,0.0505
LSU-NL2_193_S573_R2_001.fastq.gz,302542,0.1693
SSU-SB_65_S1441_R2_001.fastq.gz,170526,0.0029
Empty_33_S33_R1_001.fastq.gz,0,0.0000
Empty_255_S474_R1_001.fastq.gz,0,0.0000
ITS-NL2_167_S259_R2_001.fastq.gz,281456,0.0077
LSU-NL2_39_S999_R1_001.fastq.gz,343792,0.1997
LSU-NL2_137b_S518_R1_001.fastq.gz,16299,0.0847
LSU-NL2_198_S1014_R2_001.fastq.gz,295920,0.0279
ITS-SB_27_S763_R2_001.fastq.gz,162605,0.0838
SSU-SB_126_S1502_R2_001.fastq.gz,257688,-0.0061
ITS-NL2_32_S704_R2_001.fastq.gz,344454,-0.0027
ITSmix-SB_98_S1090_R2_001.fastq.gz,266923,0.1488
Empty_81_S81_R2_001.fastq.gz,0,0.0000
ITSmix-SB_70_S1062_R1_001.fastq.gz,302333,-0.0301
ITS-SB_86_S1270_R1_001.fastq.gz,143542,-0.0104
ITSmix-SB_138_S1130_R1_001.fastq.gz,307998,0.1424
Empty_508_S1230_R2_001.fastq.gz,2,-0.4000
SSU-NL2_18_S882_R1_001.fastq.gz,381004,0.0167
ITS-NL2_15_S682_R1_001.fastq.gz,9930,0.0121
Empty_295_S584_R2_001.fastq.gz,572705,0.4340
SSU-NL2_201_S921_R2_001.fastq.gz,12476,0.1189
Empty_296_S592_R1_001.fastq.gz,386782,0.0875
SSU-SB_9_S937_R1_001.fastq.gz,385236,-0.0010
Empty_147_S302_R2_001.fastq.gz,465773,0.0959
LSU-SB_82_S1362_R1_001.fastq.gz,16071,0.0067
Empty_491_S1213_R1_001.fastq.gz,1,0.0000
Empty_376_S831_R1_001.fastq.gz,2,0.0000
SSU-SB_87_S1463_R2_001.fastq.gz,340141,-0.0845
ITSmix-NL2_111_S107_R2_001.fastq.gz,121052,0.2105
Empty_290_S558_R1_001.fastq.gz,15845,0.0891
Empty_10_S10_R1_001.fastq.gz,2,0.0000
LSU-SB_122_S1402_R2_001.fastq.gz,11696,0.0845
Empty_479_S1201_R1_001.fastq.gz,1,0.0000
LSU-NL2_1_S961_R1_001.fastq.gz,310841,0.0518
Empty_317_S772_R1_001.fastq.gz,0,0.0000
LSU-NL2_29_S989_R1_001.fastq.gz,237784,0.1985
SSU-SB_110_S1486_R2_001.fastq.gz,360389,-0.0197
LSU-SB_118_S1398_R1_001.fastq.gz,325475,-0.0067
ITS-NL2_28_S700_R1_001.fastq.gz,279105,0.0364
SSU-SB_91_S1467_R1_001.fastq.gz,277516,0.0385
Empty_361_S816_R1_001.fastq.gz,9,-0.1852
ITSmix-SB_89_S1081_R1_001.fastq.gz,368156,0.3157
ITSmix-NL2_113_S109_R1_001.fastq.gz,53761,-0.0081
ITS-NL2_112_S204_R2_001.fastq.gz,247866,-0.0325
SSU-NL2_127_S315_R1_001.fastq.gz,10922,0.0330
ITSmix-NL2_185_S181_R1_001.fastq.gz,65372,-0.0023
LSU-NL2_191_S571_R1_001.fastq.gz,266001,0.0280
LSU-NL2_144_S524_R1_001.fastq.gz,261814,0.0820
ITSmix-NL2_120_S116_R1_001.fastq.gz,10636,0.0251
Empty_550_S1368_R2_001.fastq.gz,604397,-0.0181
Empty_233_S452_R1_001.fastq.gz,25,0.0458
LSU-NL2_162_S542_R2_001.fastq.gz,13121,0.0847
SSU-NL2_34_S898_R2_001.fastq.gz,359860,0.1463
Empty_382_S837_R2_001.fastq.gz,40,-0.2420
LSU-SB_107_S1387_R1_001.fastq.gz,414716,-0.0036
ITS-NL2_198_S726_R2_001.fastq.gz,13674,0.1102
Empty_270_S506_R1_001.fastq.gz,8444,0.0204
ITSmix-SB_7_S647_R2_001.fastq.gz,273953,0.0494
SSU-SB_2_S930_R1_001.fastq.gz,369823,-0.0139
Empty_238_S457_R1_001.fastq.gz,7,0.1633
Empty_231_S450_R2_001.fastq.gz,2,-0.7516
LSU-NL2_127_S507_R1_001.fastq.gz,14484,0.0371
Empty_131_S207_R2_001.fastq.gz,238362,0.0068
LSU-SB_149_S1429_R2_001.fastq.gz,328917,0.1267
Empty_90_S90_R2_001.fastq.gz,2,0.0000
Empty_367_S822_R1_001.fastq.gz,13,-0.2840
Empty_504_S1226_R1_001.fastq.gz,5,-0.1667
ITSmix-SB_115_S1107_R2_001.fastq.gz,13244,0.0831
Empty_556_S1444_R1_001.fastq.gz,315381,-0.0244
ITS-SB_15_S751_R2_001.fastq.gz,422955,-0.0842
LSU-NL2_31_S991_R2_001.fastq.gz,322345,-0.0589
Empty_49_S49_R1_001.fastq.gz,3,0.0000
LSU-SB_98_S1378_R2_001.fastq.gz,295037,0.0215
Empty_246_S465_R1_001.fastq.gz,1,0.0000
ITSmix-SB_109_S1101_R2_001.fastq.gz,290358,0.2037
SSU-NL2_202_S922_R2_001.fastq.gz,402452,0.0906
ITS-NL2_11_S686_R2_001.fastq.gz,209461,0.0129
Empty_32_S32_R1_001.fastq.gz,1,0.2857
ITSmix-NL2_40_S616_R1_001.fastq.gz,817574,0.1931
ITSmix-SB_131_S1123_R1_001.fastq.gz,149287,0.0941
ITSmix-SB_82_S1074_R2_001.fastq.gz,264564,0.0782
ITSmix-SB_122_S1114_R1_001.fastq.gz,13800,0.0108
ITSmix-SB_15_S655_R2_001.fastq.gz,374595,0.2998
ITSmix-SB_23_S663_R2_001.fastq.gz,451817,0.0427
ITS-NL2_3_S675_R2_001.fastq.gz,379221,-0.0816
LSU-SB_158_S1438_R2_001.fastq.gz,404622,0.1110
SSU-SB_156_S1532_R2_001.fastq.gz,262125,-0.0926
Empty_330_S785_R1_001.fastq.gz,0,0.0000
SSU-NL2_40_S904_R2_001.fastq.gz,557370,0.1053
Empty_442_S1164_R2_001.fastq.gz,3,0.7652
Empty_294_S574_R2_001.fastq.gz,258410,-0.0925
ITS-NL2_189_S281_R1_001.fastq.gz,185869,0.0572
LSU-SB_141_S1421_R2_001.fastq.gz,472816,0.0899
ITS-SB_104_S1288_R1_001.fastq.gz,365184,0.1534
Empty_1_S1_R2_001.fastq.gz,1,0.0000
LSU-SB_148_S1428_R1_001.fastq.gz,460514,-0.0029
Empty_309_S746_R2_001.fastq.gz,241543,-0.1642
Empty_476_S1198_R2_001.fastq.gz,8,0.1060
ITS-SB_75_S1259_R2_001.fastq.gz,179164,0.0266
Empty_386_S841_R1_001.fastq.gz,1,0.0000
Empty_139_S243_R2_001.fastq.gz,13885,0.1693
LSU-NL2_19_S979_R1_001.fastq.gz,270904,0.0593
Empty_541_S1329_R2_001.fastq.gz,232306,-0.0801
LSU-NL2_140_S520_R2_001.fastq.gz,552320,-0.0095
ITS-SB_161_S735_R2_001.fastq.gz,10877,0.0990
Empty_315_S770_R2_001.fastq.gz,2,0.2769
LSU-SB_109_S1389_R1_001.fastq.gz,464236,-0.0038
ITS-NL2_137b_S230_R2_001.fastq.gz,18059,0.1666
ITSmix-NL2_15_S591_R1_001.fastq.gz,12273,0.1077
LSU-SB_117_S1397_R2_001.fastq.gz,425952,0.0797
SSU-NL2_148_S336_R1_001.fastq.gz,528091,-0.0080
Empty_490_S1212_R1_001.fastq.gz,0,0.0000
ITS-NL2_136_S228_R1_001.fastq.gz,223398,0.0531
Empty_498_S1220_R2_001.fastq.gz,25,0.5182
SSU-SB_94_S1470_R1_001.fastq.gz,338650,0.1053
LSU-SB_28_S1052_R2_001.fastq.gz,356793,-0.0150
Empty_160_S353_R1_001.fastq.gz,337016,-0.0064
LSU-SB_109_S1389_R2_001.fastq.gz,464236,0.0911
ITSmix-SB_92_S1084_R2_001.fastq.gz,258921,0.1792
ITSmix-SB_5_S645_R1_001.fastq.gz,161242,0.0442
SSU-SB_15_S943_R2_001.fastq.gz,459703,0.1296
SSU-SB_137_S1513_R1_001.fastq.gz,354912,0.0456
LSU-SB_22_S1046_R1_001.fastq.gz,324907,-0.1111
SSU-SB_138_S1514_R2_001.fastq.gz,290907,-0.1128
SSU-NL2_180_S368_R2_001.fastq.gz,410161,0.0834
Empty_495_S1217_R2_001.fastq.gz,20,0.1632
ITS-SB_71_S1255_R1_001.fastq.gz,261759,-0.0362
ITSmix-SB_115_S1107_R1_001.fastq.gz,13244,0.0240
SSU-NL2_171_S359_R2_001.fastq.gz,462139,0.0725
ITS-NL2_188_S280_R2_001.fastq.gz,16596,0.1042
LSU-NL2_172_S552_R2_001.fastq.gz,337736,0.0213
ITSmix-NL2_46_S622_R1_001.fastq.gz,513662,0.1537
ITS-NL2_180_S272_R2_001.fastq.gz,21277,0.1026
SSU-SB_154_S1530_R1_001.fastq.gz,11369,0.0095
LSU-SB_136_S1416_R1_001.fastq.gz,19588,0.0387
ITS-SB_144_S1328_R2_001.fastq.gz,317618,-0.1695
ITS-SB_8_S744_R2_001.fastq.gz,196918,0.0655
ITS-NL2_49_S721_R2_001.fastq.gz,363474,-0.0073
Empty_326_S781_R2_001.fastq.gz,16,0.3389
LSU-NL2_102_S482_R1_001.fastq.gz,352000,0.0113
Empty_328_S783_R1_001.fastq.gz,4,0.1457
LSU-NL2_109_S489_R2_001.fastq.gz,179489,0.0140
LSU-NL2_30_S990_R2_001.fastq.gz,363976,0.0326
ITS-NL2_137b_S230_R1_001.fastq.gz,18059,0.0378
ITSmix-NL2_29_S605_R2_001.fastq.gz,742697,0.4070
Empty_460_S1182_R1_001.fastq.gz,1,0.0000
ITS-NL2_36_S708_R1_001.fastq.gz,316694,0.2559
Empty_229_S448_R2_001.fastq.gz,0,0.0000
ITS-SB_89_S1273_R2_001.fastq.gz,16649,0.0437
LSU-SB_158_S1438_R1_001.fastq.gz,404622,-0.0109
Empty_245_S464_R1_001.fastq.gz,4,-0.0864
ITS-Blank1_S288_R1_001.fastq.gz,52227,0.2623
Empty_267_S495_R2_001.fastq.gz,11352,0.1428
Empty_224_S443_R2_001.fastq.gz,0,0.0000
ITS-NL2_201_S729_R2_001.fastq.gz,12298,0.0585
Empty_273_S510_R2_001.fastq.gz,339905,-0.0175
Empty_170_S389_R2_001.fastq.gz,0,0.0000
Empty_398_S853_R2_001.fastq.gz,2,-0.5714
Empty_89_S89_R1_001.fastq.gz,5,0.2400
Empty_205_S424_R2_001.fastq.gz,3,-0.4444
SSU-NL2_178_S366_R1_001.fastq.gz,272123,-0.0046
ITSmix-SB_134_S1126_R2_001.fastq.gz,263069,0.1989
Empty_70_S70_R1_001.fastq.gz,19,0.3681
ITS-NL2_37_S709_R2_001.fastq.gz,353480,-0.1047
ITS-NL2_45_S717_R2_001.fastq.gz,230942,0.0906
Empty_469_S1191_R2_001.fastq.gz,0,0.0000
SSU-SB_72_S1448_R1_001.fastq.gz,422330,0.1557
ITSmix-SB_5_S645_R2_001.fastq.gz,161242,0.1199
ITSmix-NL2_26_S602_R2_001.fastq.gz,6356,0.0307
SSU-NL2_193_S381_R1_001.fastq.gz,545962,-0.0088
LSU-NL2_200_S1016_R2_001.fastq.gz,508796,-0.1084
ITSmix-NL2_101_S97_R1_001.fastq.gz,14515,0.0162
ITSmix-NL2_106_S102_R1_001.fastq.gz,50134,-0.0219
ITSmix-SB_80_S1072_R2_001.fastq.gz,537691,0.4168
Empty_132_S208_R2_001.fastq.gz,18042,0.1060
ITS-NL2_30_S702_R1_001.fastq.gz,202265,0.0369
SSU-NL2_11_S875_R1_001.fastq.gz,10450,0.0107
Empty_433_S1155_R1_001.fastq.gz,0,0.0000
Empty_303_S651_R1_001.fastq.gz,311893,0.1456
Empty_243_S462_R1_001.fastq.gz,0,0.0000
LSU-NL2_47_S1007_R1_001.fastq.gz,286888,0.1180
LSU-NL2_40_S1000_R2_001.fastq.gz,507918,-0.0117
Empty_482_S1204_R2_001.fastq.gz,13,0.1685
SSU-NL2_6_S870_R2_001.fastq.gz,568591,0.0969
Empty_91_S91_R2_001.fastq.gz,6,0.3317
SSU-NL2_197_S917_R1_001.fastq.gz,395632,-0.0052
Empty_327_S782_R1_001.fastq.gz,1,0.0000
LSU-SB_139_S1419_R2_001.fastq.gz,391196,0.0943
LSU-NL2_188_S568_R2_001.fastq.gz,546181,-0.1224
SSU-SB_143_S1519_R1_001.fastq.gz,532728,0.0220
ITS-SB_31_S767_R1_001.fastq.gz,161067,0.1596
Empty_437_S1159_R2_001.fastq.gz,2,0.0000
SSU-SB_130_S1506_R2_001.fastq.gz,10868,0.0174
ITSmix-NL2_45_S621_R2_001.fastq.gz,391803,0.0873
Empty_494_S1216_R1_001.fastq.gz,0,0.0000
ITSmix-SB_96_S1088_R2_001.fastq.gz,553351,0.2700
Empty_351_S806_R2_001.fastq.gz,1,0.0000
Empty_23_S23_R2_001.fastq.gz,0,0.0000
ITSmix-NL2_182_S178_R2_001.fastq.gz,65859,0.3627
ITSmix-NL2_155_S151_R1_001.fastq.gz,12816,0.0278
LSU-SB_145_S1426_R2_001.fastq.gz,370188,0.1446
Empty_481_S1203_R2_001.fastq.gz,15,-0.0228
ITS-SB_87_S1271_R2_001.fastq.gz,271008,-0.0825
Empty_469_S1191_R1_001.fastq.gz,0,0.0000
LSU-NL2_44_S1004_R1_001.fastq.gz,299551,-0.0001
SSU-NL2_14_S878_R1_001.fastq.gz,13366,0.0168
Empty_534_S1283_R2_001.fastq.gz,211525,-0.1903
ITSmix-NL2_204_S636_R1_001.fastq.gz,470108,0.0561
SSU-SB_69_S1445_R2_001.fastq.gz,360975,-0.0698
ITS-SB_18_S754_R2_001.fastq.gz,188349,-0.0238
Empty_180_S399_R2_001.fastq.gz,11,0.0895
LSU-SB_14_S1038_R2_001.fastq.gz,299283,-0.0419
Empty_152b_S322_R2_001.fastq.gz,294651,0.0533
LSU-NL2_1_S961_R2_001.fastq.gz,310841,0.2259
ITSmix-SB_87_S1079_R1_001.fastq.gz,320016,0.0309
ITS-NL2_193_S285_R2_001.fastq.gz,217093,0.0109
LSU-SB_21_S1045_R1_001.fastq.gz,344481,0.1210
SSU-NL2_172_S360_R2_001.fastq.gz,289506,0.1007
Empty_275_S514_R1_001.fastq.gz,270600,0.0126
LSU-SB_161_S1023_R1_001.fastq.gz,12179,0.0199
Empty_310_S747_R2_001.fastq.gz,294598,0.1011
Empty_54_S54_R2_001.fastq.gz,5,0.9333
ITSmix-NL2_142_S138_R2_001.fastq.gz,111227,0.1945
Empty_5_S5_R2_001.fastq.gz,0,0.0000
LSU-NL2_136_S516_R1_001.fastq.gz,21340,0.0576
LSU-SB_154_S1434_R1_001.fastq.gz,395209,-0.0047
Empty_62_S62_R2_001.fastq.gz,0,0.0000
ITSmix-NL2_37_S613_R1_001.fastq.gz,258968,0.2026
LSU-NL2_199_S1015_R2_001.fastq.gz,307444,-0.0308
Empty_343_S798_R2_001.fastq.gz,0,0.0000
LSU-NL2_34_S994_R2_001.fastq.gz,334877,-0.0603
SSU-NL2_111_S299_R1_001.fastq.gz,392834,0.0026
ITSmix-SB_159_S1151_R2_001.fastq.gz,371007,0.2015
ITS-NL2_21_S693_R2_001.fastq.gz,355955,0.1702
Empty_332_S787_R2_001.fastq.gz,1,1.0000
SSU-SB_102_S1478_R1_001.fastq.gz,282788,-0.0184
Empty_207_S426_R1_001.fastq.gz,1,0.0000
Empty_130_S199_R2_001.fastq.gz,296674,-0.0943
Empty_408_S863_R2_001.fastq.gz,15,-0.0385
Empty_15_S15_R2_001.fastq.gz,1,1.7778
Empty_438_S1160_R2_001.fastq.gz,2,0.1667
Empty_536_S1294_R2_001.fastq.gz,300949,0.0082
LSU-SB_105_S1385_R2_001.fastq.gz,365981,0.0192
Empty_24_S24_R1_001.fastq.gz,1,0.0000
ITSmix-SB_161_S639_R1_001.fastq.gz,11008,0.1055
Empty_353_S808_R1_001.fastq.gz,0,0.0000
SSU-SB_27_S955_R2_001.fastq.gz,349597,0.0457
ITS-SB_150_S1334_R2_001.fastq.gz,308074,-0.0797
Empty_115_S153_R1_001.fastq.gz,97585,-0.0031
Empty_320_S775_R1_001.fastq.gz,3,1.0667
Empty_258_S477_R2_001.fastq.gz,3,0.0000
Empty_333_S788_R1_001.fastq.gz,1,0.0000
Empty_454_S1176_R1_001.fastq.gz,1,0.0000
ITS-NL2_155_S247_R2_001.fastq.gz,14476,0.1574
SSU-SB_1_S929_R1_001.fastq.gz,338858,0.0176
ITS-SB_26_S762_R1_001.fastq.gz,206307,0.2964
Empty_143_S267_R2_001.fastq.gz,13573,0.1410
Empty_483_S1205_R1_001.fastq.gz,21,-0.4869
Empty_416_S944_R2_001.fastq.gz,429713,0.0996
ITSmix-NL2_191_S187_R1_001.fastq.gz,42563,0.0698
Empty_7_S7_R1_001.fastq.gz,2,2.0000
LSU-NL2_180_S560_R1_001.fastq.gz,24547,0.0761
ITSmix-NL2_133_S129_R1_001.fastq.gz,66751,-0.0042
Empty_219_S438_R2_001.fastq.gz,6,0.2222
ITS-NL2_158_S250_R1_001.fastq.gz,364682,0.0378
Empty_229_S448_R1_001.fastq.gz,0,0.0000
Empty_85_S85_R1_001.fastq.gz,0,0.0000
Empty_27_S27_R2_001.fastq.gz,0,0.0000
Empty_63_S63_R2_001.fastq.gz,0,0.0000
ITSmix-NL2_51_S627_R2_001.fastq.gz,344446,0.4953
Empty_335_S790_R1_001.fastq.gz,0,0.0000
Empty_166_S385_R1_001.fastq.gz,3,0.6859
ITSmix-SB_71_S1063_R1_001.fastq.gz,400537,0.0277
Empty_382_S837_R1_001.fastq.gz,40,-0.1429
LSU-NL2_16_S976_R1_001.fastq.gz,353610,0.1515
ITSmix-NL2_202_S634_R2_001.fastq.gz,5942,0.0285
Empty_331_S786_R2_001.fastq.gz,0,0.0000
ITSmix-SB_152_S1144_R1_001.fastq.gz,18949,0.0483
ITSmix-NL2_9_S585_R2_001.fastq.gz,440550,0.4376
LSU-SB_29_S1053_R2_001.fastq.gz,294488,-0.0208
ITSmix-NL2_41_S617_R1_001.fastq.gz,343542,0.2720
ITS-SB_21_S757_R2_001.fastq.gz,199102,-0.0793
Empty_287_S554_R2_001.fastq.gz,237972,-0.0500
Empty_268_S496_R1_001.fastq.gz,17280,0.0315
Empty_306_S680_R2_001.fastq.gz,496160,0.0057
Empty_127_S190_R1_001.fastq.gz,65878,0.0441
SSU-NL2_44_S908_R1_001.fastq.gz,366287,0.0031
ITS-NL2_126_S218_R1_001.fastq.gz,9359,0.0196
ITS-NL2_202_S730_R2_001.fastq.gz,263445,-0.0020
ITSmix-NL2_28_S604_R1_001.fastq.gz,481005,0.0854
ITS-NL2_133_S225_R1_001.fastq.gz,254677,0.0134
Empty_30_S30_R1_001.fastq.gz,1,0.0000
ITS-SB_145_S1330_R2_001.fastq.gz,214092,-0.0699
Empty_548_S1364_R1_001.fastq.gz,297150,-0.0056
ITSmix-NL2_150_S146_R1_001.fastq.gz,239174,0.0451
Empty_15_S15_R1_001.fastq.gz,1,2.6667
ITS-SB_154_S1338_R1_001.fastq.gz,224921,0.0405
ITSmix-NL2_138_S637_R1_001.fastq.gz,407728,0.0255
ITSmix-NL2_201_S633_R1_001.fastq.gz,11954,0.0681
LSU-SB_77_S1357_R1_001.fastq.gz,418630,-0.0133
LSU-NL2_23_S983_R2_001.fastq.gz,16160,0.0748
ITSmix-SB_76_S1068_R2_001.fastq.gz,475402,0.3553
ITSmix-SB_93_S1085_R2_001.fastq.gz,281864,0.2098
ITSmix-Blank1_S192_R2_001.fastq.gz,64190,0.2723
ITS-SB_77_S1261_R1_001.fastq.gz,197197,-0.0999
Empty_341_S796_R2_001.fastq.gz,0,0.0000
ITSmix-SB_71_S1063_R2_001.fastq.gz,400537,0.1932
Empty_377_S832_R2_001.fastq.gz,0,0.0000
SSU-NL2_1_S865_R2_001.fastq.gz,366686,0.1265
SSU-SB_132_S1508_R1_001.fastq.gz,338718,0.2083
Empty_437_S1159_R1_001.fastq.gz,2,0.0000
Empty_467_S1189_R2_001.fastq.gz,1,0.0000
Empty_417_S948_R2_001.fastq.gz,422050,0.0895
SSU-NL2_137b_S326_R2_001.fastq.gz,14242,0.0994
Empty_130_S199_R1_001.fastq.gz,296674,0.0097
LSU-NL2_187_S567_R1_001.fastq.gz,435990,-0.0353
ITS-SB_132_S1316_R2_001.fastq.gz,273497,-0.0033
ITS-SB_70_S1254_R2_001.fastq.gz,212084,-0.0434
Empty_35_S35_R1_001.fastq.gz,1,0.0000
LSU-NL2_13_S973_R1_001.fastq.gz,286669,0.3480
ITS-NL2_192_S668_R2_001.fastq.gz,92077,-0.0114
LSU-SB_156_S1436_R2_001.fastq.gz,263374,0.0907
LSU-NL2_162_S542_R1_001.fastq.gz,13121,0.0910
Empty_122_S172_R2_001.fastq.gz,116171,0.4191
Empty_544_S1343_R1_001.fastq.gz,25960,0.0207
LSU-SB_112_S1392_R1_001.fastq.gz,412342,-0.0113
LSU-NL2_202_S1018_R1_001.fastq.gz,330978,0.0665
SSU-SB_76_S1452_R1_001.fastq.gz,337624,0.1132
Empty_402_S857_R1_001.fastq.gz,9,-0.4074
SSU-NL2_192_S380_R1_001.fastq.gz,361430,-0.0082
Empty_97_S103_R2_001.fastq.gz,51014,0.3726
ITSmix-NL2_19_S595_R2_001.fastq.gz,437676,0.2396
Empty_334_S789_R2_001.fastq.gz,0,0.0000
ITSmix-NL2_44_S620_R1_001.fastq.gz,246919,0.0268
SSU-NL2_110_S298_R1_001.fastq.gz,14055,0.0482
ITS-SB_162_S736_R1_001.fastq.gz,157882,-0.0031
ITS-NL2_117_S209_R2_001.fastq.gz,262716,0.0261
ITS-SB_23_S759_R1_001.fastq.gz,315585,0.3136
SSU-NL2_112_S300_R2_001.fastq.gz,364181,0.0864
SSU-SB_99_S1475_R2_001.fastq.gz,239577,0.0068
Empty_36_S36_R1_001.fastq.gz,0,0.0000
ITSmix-SB_21_S661_R2_001.fastq.gz,303652,-0.0214
Empty_335_S790_R2_001.fastq.gz,0,0.0000
SSU-NL2_126_S314_R1_001.fastq.gz,10159,0.0351
Empty_226_S445_R1_001.fastq.gz,0,0.0000
ITSmix-SB_103_S1095_R2_001.fastq.gz,348857,0.2017
Empty_106_S127_R1_001.fastq.gz,206721,0.0323
ITSmix-SB_162_S640_R1_001.fastq.gz,431352,0.2859
SSU-SB_78_S1454_R2_001.fastq.gz,331121,-0.0766
ITS-NL2_110_S202_R1_001.fastq.gz,284998,0.0302
ITS-NL2_144_S236_R1_001.fastq.gz,230453,0.0160
SSU-NL2_197_S917_R2_001.fastq.gz,395632,0.0877
ITSmix-NL2_199_S631_R1_001.fastq.gz,624086,0.1796
Empty_511_S1233_R1_001.fastq.gz,0,0.0000
LSU-SB_76_S1356_R2_001.fastq.gz,415451,0.1090
LSU-SB_67_S1347_R2_001.fastq.gz,364538,0.0968
Empty_151_S317_R2_001.fastq.gz,321079,0.0913
SSU-NL2_161_S349_R1_001.fastq.gz,8613,0.0023
SSU-SB_154_S1530_R2_001.fastq.gz,11369,0.0609
ITS-SB_113_S1297_R2_001.fastq.gz,225410,-0.1758
Empty_179_S398_R1_001.fastq.gz,26,0.4125
ITSmix-NL2_22_S598_R1_001.fastq.gz,475828,0.0724
Empty_58_S58_R2_001.fastq.gz,1,-2.8571
Empty_78_S78_R1_001.fastq.gz,0,0.0000
Empty_212_S431_R2_001.fastq.gz,1,4.6667
ITS-SB_12_S748_R2_001.fastq.gz,346816,0.1124
LSU-SB_108_S1388_R2_001.fastq.gz,410566,0.0559
Empty_46_S46_R2_001.fastq.gz,2,0.4615
ITSmix-NL2_103_S99_R1_001.fastq.gz,50102,0.0058
Empty_249_S468_R1_001.fastq.gz,0,0.0000
Empty_538_S1308_R2_001.fastq.gz,256170,-0.0009
ITSmix-SB_123_S1115_R2_001.fastq.gz,248092,0.1951
LSU-SB_147_S1427_R2_001.fastq.gz,312657,0.0826
ITSmix-SB_137_S1129_R1_001.fastq.gz,382709,0.1790
LSU-SB_119_S1399_R2_001.fastq.gz,617154,0.1026
ITS-SB_81_S1265_R1_001.fastq.gz,221066,-0.0358
Empty_313_S766_R2_001.fastq.gz,278665,0.0893
SSU-SB_77_S1453_R1_001.fastq.gz,318929,0.0762
Empty_129_S193_R1_001.fastq.gz,280154,0.0248
ITSmix-NL2_30_S606_R2_001.fastq.gz,486458,0.4377
Empty_266_S494_R2_001.fastq.gz,393907,0.0013
Empty_456_S1178_R1_001.fastq.gz,0,0.0000
Empty_357_S812_R1_001.fastq.gz,9,-0.2505
SSU-NL2_181_S369_R2_001.fastq.gz,289444,0.0942
Empty_339_S794_R1_001.fastq.gz,0,0.0000
LSU-NL2_204_S1020_R1_001.fastq.gz,330301,0.0018
SSU-SB_147_S1523_R1_001.fastq.gz,308631,0.0136
ITSmix-NL2_5_S581_R2_001.fastq.gz,527326,0.2453
Empty_362_S817_R2_001.fastq.gz,3,0.0000
Empty_300_S643_R1_001.fastq.gz,255942,0.0701
LSU-NL2_171_S551_R1_001.fastq.gz,15318,0.0928
SSU-NL2_33_S897_R1_001.fastq.gz,423605,-0.0052
SSU-NL2_126_S314_R2_001.fastq.gz,10159,0.0995
ITS-SB_155_S1339_R1_001.fastq.gz,119565,-0.0248
Empty_517_S1239_R2_001.fastq.gz,0,0.0000
Empty_11_S11_R2_001.fastq.gz,2,-0.1111
Empty_13_S13_R1_001.fastq.gz,2,-0.3077
Empty_233_S452_R2_001.fastq.gz,25,-0.0870
Empty_424_S1057_R1_001.fastq.gz,186206,0.5199
ITS-NL2_16_S681_R1_001.fastq.gz,476396,0.0180
ITS-NL2_173_S265_R2_001.fastq.gz,14205,0.0999
Empty_188_S407_R2_001.fastq.gz,1,0.0000
Empty_297_S603_R2_001.fastq.gz,395926,0.1580
Empty_160_S353_R2_001.fastq.gz,337016,0.0853
ITSmix-NL2_14_S590_R2_001.fastq.gz,11483,0.0946
SSU-SB_90_S1466_R1_001.fastq.gz,236308,0.0574
ITSmix-NL2_29_S605_R1_001.fastq.gz,742697,0.1335
ITS-NL2_13_S684_R2_001.fastq.gz,471706,0.0454
LSU-SB_140_S1420_R1_001.fastq.gz,485046,-0.0045
ITSmix-SB_94_S1086_R1_001.fastq.gz,312994,0.0000
Empty_325_S780_R2_001.fastq.gz,6,-0.6374
SSU-NL2_3_S867_R2_001.fastq.gz,308960,0.0804
ITSmix-NL2_106_S102_R2_001.fastq.gz,50134,0.1960
ITS-NL2_167_S259_R1_001.fastq.gz,281456,0.0459
SSU-NL2_180_S368_R1_001.fastq.gz,410161,-0.0052
Empty_301_S644_R1_001.fastq.gz,242416,0.2026
LSU-NL2_167_S547_R1_001.fastq.gz,343745,0.0911
ITS-SB_2_S738_R2_001.fastq.gz,165311,-0.0884
SSU-NL2_150_S338_R2_001.fastq.gz,346437,0.0593
SSU-SB_5_S933_R2_001.fastq.gz,459576,0.0133
Empty_453_S1175_R2_001.fastq.gz,0,0.0000
ITSmix-SB_139_S1131_R1_001.fastq.gz,15052,0.0413
SSU-NL2_30_S894_R1_001.fastq.gz,348631,0.0009
Empty_236_S455_R2_001.fastq.gz,40,0.5066
Empty_421_S1035_R1_001.fastq.gz,351754,0.0059
SSU-NL2_169_S357_R2_001.fastq.gz,8325,0.1268
SSU-SB_133_S1509_R1_001.fastq.gz,334779,-0.0975
ITSmix-NL2_17_S593_R2_001.fastq.gz,305476,0.3097
Empty_492_S1214_R2_001.fastq.gz,0,0.0000
LSU-SB_87_S1367_R1_001.fastq.gz,399116,-0.0063
Empty_411_S890_R1_001.fastq.gz,343329,-0.0016
ITSmix-SB_95_S1087_R2_001.fastq.gz,359790,0.0835
LSU-Blank3_S1440_R2_001.fastq.gz,22672,0.0645
ITSmix-SB_88_S1080_R1_001.fastq.gz,340509,0.0257
Empty_138_S237_R2_001.fastq.gz,11778,0.1112
LSU-SB_75_S1355_R2_001.fastq.gz,311968,0.1660
LSU-SB_25_S1049_R1_001.fastq.gz,287486,-0.0015
LSU-SB_159_S1439_R2_001.fastq.gz,579225,0.0641
Empty_467_S1189_R1_001.fastq.gz,1,0.0000
SSU-SB_82_S1458_R1_001.fastq.gz,10896,0.0275
ITSmix-SB_130_S1122_R2_001.fastq.gz,11498,0.0897
Empty_236_S455_R1_001.fastq.gz,40,0.5462
LSU-NL2_149_S529_R2_001.fastq.gz,15809,0.0604
LSU-NL2_30_S990_R1_001.fastq.gz,363976,0.1898
Empty_384_S839_R2_001.fastq.gz,30,-0.1449
Empty_416_S944_R1_001.fastq.gz,429713,-0.0069
Empty_478_S1200_R2_001.fastq.gz,5,0.1189
Empty_355_S810_R1_001.fastq.gz,9,-0.9333
ITSmix-SB_78_S1070_R1_001.fastq.gz,360233,0.0755
Empty_237_S456_R1_001.fastq.gz,41,0.0491
ITSmix-SB_109_S1101_R1_001.fastq.gz,290358,0.0039
Empty_556_S1444_R2_001.fastq.gz,315381,0.0064
Empty_356_S811_R1_001.fastq.gz,6,-0.4444
ITS-NL2_40_S712_R1_001.fastq.gz,434434,0.5081
Empty_72_S72_R1_001.fastq.gz,33,0.0708
ITSmix-NL2_203_S635_R2_001.fastq.gz,330885,0.2066
ITS-SB_156_S1340_R1_001.fastq.gz,154179,-0.0350
ITS-SB_133_S1317_R1_001.fastq.gz,249021,-0.0421
LSU-NL2_31_S991_R1_001.fastq.gz,322345,0.3297
ITSmix-SB_91_S1083_R2_001.fastq.gz,165098,0.2063
ITSmix-SB_147_S1139_R1_001.fastq.gz,13521,0.0465
ITSmix-SB_70_S1062_R2_001.fastq.gz,302333,0.0026
ITS-SB_121_S1305_R2_001.fastq.gz,21747,-0.0010
ITS-NL2_22_S694_R2_001.fastq.gz,341991,0.0361
ITS-NL2_26_S698_R1_001.fastq.gz,7036,0.0444
ITSmix-NL2_139_S135_R1_001.fastq.gz,114397,0.0620
Empty_293_S566_R2_001.fastq.gz,332705,0.2822
ITSmix-SB_75_S1067_R2_001.fastq.gz,384224,0.2092
ITS-SB_131_S1315_R1_001.fastq.gz,230605,-0.0425
ITS-NL2_131_S223_R2_001.fastq.gz,10371,0.1342
ITS-SB_104_S1288_R2_001.fastq.gz,365184,-0.0677
Empty_405_S860_R2_001.fastq.gz,13,-0.1763
SSU-SB_26_S954_R1_001.fastq.gz,424192,-0.0104
ITSmix-NL2_196_S628_R1_001.fastq.gz,347841,0.1107
ITSmix-SB_121_S1113_R2_001.fastq.gz,341704,0.2106
Empty_529_S1268_R2_001.fastq.gz,223765,-0.1312
ITS-NL2_133_S225_R2_001.fastq.gz,254677,-0.1381
LSU-NL2_7_S967_R1_001.fastq.gz,330254,0.0367
ITSmix-SB_17_S657_R1_001.fastq.gz,339302,0.1145
Empty_183_S402_R2_001.fastq.gz,0,0.0000
Empty_100_S111_R1_001.fastq.gz,9908,-0.0052
Empty_225_S444_R2_001.fastq.gz,0,0.0000
Empty_514_S1236_R1_001.fastq.gz,0,0.0000
LSU-NL2_111_S491_R1_001.fastq.gz,10297,0.0293
SSU-NL2_5_S869_R2_001.fastq.gz,326150,0.0956
Empty_46_S46_R1_001.fastq.gz,2,-0.3333
Empty_493_S1215_R2_001.fastq.gz,0,0.0000
LSU-SB_102_S1382_R2_001.fastq.gz,297476,0.1086
ITS-SB_89_S1273_R1_001.fastq.gz,16649,0.0151
ITS-SB_126_S1310_R1_001.fastq.gz,268559,0.0351
ITSmix-SB_22_S662_R1_001.fastq.gz,265129,0.2300
Empty_57_S57_R2_001.fastq.gz,1,-0.8000
LSU-NL2_195_S575_R1_001.fastq.gz,247751,0.0692
ITS-NL2_43_S715_R1_001.fastq.gz,247150,0.0486
Empty_286_S550_R2_001.fastq.gz,216817,0.1646
ITSmix-NL2_137a_S133_R1_001.fastq.gz,131938,0.0037
ITS-SB_137_S1321_R1_001.fastq.gz,296738,0.1280
Empty_149_S304_R1_001.fastq.gz,23337,0.0324
Empty_177_S396_R2_001.fastq.gz,12,-0.0685
ITSmix-SB_153_S1145_R2_001.fastq.gz,10807,0.0760
LSU-SB_77_S1357_R2_001.fastq.gz,418630,0.1091
ITS-NL2_9_S688_R1_001.fastq.gz,458744,-0.1192
Empty_61_S61_R1_001.fastq.gz,1,0.0000
LSU-SB_78_S1358_R2_001.fastq.gz,565242,0.0600
Empty_10_S10_R2_001.fastq.gz,2,0.6000
Empty_411_S890_R2_001.fastq.gz,343329,0.1546
SSU-NL2_173_S361_R1_001.fastq.gz,339116,-0.0066
ITS-NL2_192_S668_R1_001.fastq.gz,92077,0.0713
Empty_228_S447_R2_001.fastq.gz,0,0.0000
SSU-SB_65_S1441_R1_001.fastq.gz,170526,0.0277
ITSmix-SB_132_S1124_R2_001.fastq.gz,11760,0.0696
Empty_498_S1220_R1_001.fastq.gz,25,-0.0864
Empty_506_S1228_R1_001.fastq.gz,4,-0.5500
Empty_558_S1455_R1_001.fastq.gz,383745,-0.0310
Empty_259_S478_R1_001.fastq.gz,3,0.0000
ITS-NL2_103_S195_R1_001.fastq.gz,232684,0.0131
LSU-NL2_166_S546_R1_001.fastq.gz,156140,-0.0088
Empty_58_S58_R1_001.fastq.gz,1,0.0000
SSU-SB_70_S1446_R2_001.fastq.gz,295051,-0.0274
Empty_397_S852_R2_001.fastq.gz,1,0.0000
Empty_197_S416_R2_001.fastq.gz,0,0.0000
SSU-NL2_104_S292_R2_001.fastq.gz,379503,0.1065
Empty_195_S414_R2_001.fastq.gz,1,0.8000
SSU-SB_19_S947_R1_001.fastq.gz,337953,0.0328
LSU-SB_154_S1434_R2_001.fastq.gz,395209,0.1248
LSU-SB_140_S1420_R2_001.fastq.gz,485046,0.0787
LSU-NL2_152_S532_R2_001.fastq.gz,354255,-0.0453
Empty_539_S1319_R2_001.fastq.gz,363216,-0.0126
ITSmix-NL2_173_S169_R1_001.fastq.gz,96553,0.0481
LSU-SB_153_S1433_R1_001.fastq.gz,365612,-0.0039
LSU-NL2_104_S484_R1_001.fastq.gz,354626,0.0581
LSU-SB_80_S1360_R2_001.fastq.gz,565769,0.1012
ITS-NL2_35_S707_R1_001.fastq.gz,279801,0.0231
Empty_278_S525_R2_001.fastq.gz,17338,0.0890
ITSmix-NL2_31_S607_R1_001.fastq.gz,307390,0.0383
SSU-NL2_191_S379_R2_001.fastq.gz,481455,0.1158
SSU-SB_108_S1484_R2_001.fastq.gz,340356,-0.0028
ITS-SB_68_S1252_R1_001.fastq.gz,229697,0.0301
Empty_59_S59_R1_001.fastq.gz,0,0.0000
ITSmix-NL2_183_S179_R2_001.fastq.gz,84972,0.2297
Empty_505_S1227_R2_001.fastq.gz,2,1.4000
LSU-SB_127_S1407_R1_001.fastq.gz,461383,-0.0124
ITSmix-SB_104_S1096_R2_001.fastq.gz,552869,0.1762
LSU-NL2_105_S485_R2_001.fastq.gz,359271,0.0114
LSU-SB_1_S1025_R1_001.fastq.gz,306453,0.1075
ITSmix-NL2_48_S624_R1_001.fastq.gz,430248,0.0873
LSU-SB_27_S1051_R2_001.fastq.gz,318059,-0.0401
SSU-SB_28_S956_R2_001.fastq.gz,295769,0.0319
LSU-NL2_36_S996_R1_001.fastq.gz,340561,0.0727
Empty_522_S1244_R1_001.fastq.gz,5,0.1276
Empty_204_S423_R1_001.fastq.gz,1,-1.0000
ITSmix-SB_14_S654_R2_001.fastq.gz,146223,0.1282
ITSmix-NL2_5_S581_R1_001.fastq.gz,527326,0.1533
ITSmix-NL2_4_S580_R1_001.fastq.gz,322723,0.0557
LSU-SB_129_S1409_R1_001.fastq.gz,13126,0.0238
ITS-NL2_125_S217_R1_001.fastq.gz,168405,0.0304
ITSmix-SB_30_S670_R1_001.fastq.gz,369906,0.1231
Empty_175_S394_R1_001.fastq.gz,9,0.1470
Empty_465_S1187_R2_001.fastq.gz,0,0.0000
Empty_150_S316_R2_001.fastq.gz,460747,0.0724
Empty_230_S449_R2_001.fastq.gz,22,0.0109
Empty_325_S780_R1_001.fastq.gz,6,1.8519
Empty_109_S131_R2_001.fastq.gz,14132,0.1648
ITS-SB_154_S1338_R2_001.fastq.gz,224921,-0.0152
Empty_71_S71_R1_001.fastq.gz,5,-0.6080
Empty_344_S799_R2_001.fastq.gz,0,0.0000
ITS-NL2_25_S697_R1_001.fastq.gz,260796,0.5177
ITS-NL2_106_S198_R2_001.fastq.gz,394917,0.0147
SSU-SB_126_S1502_R1_001.fastq.gz,257688,0.0568
ITS-SB_148_S1332_R1_001.fastq.gz,263842,0.0405
SSU-NL2_42_S906_R1_001.fastq.gz,386550,0.0075
ITS-NL2_41_S713_R1_001.fastq.gz,217940,0.3450
Empty_363_S818_R2_001.fastq.gz,8,-0.3333
ITS-NL2_178_S270_R1_001.fastq.gz,16413,0.0313
ITS-NL2_197_S725_R1_001.fastq.gz,171269,0.2509
ITS-SB_71_S1255_R2_001.fastq.gz,261759,-0.0474
Empty_150_S316_R1_001.fastq.gz,460747,-0.0040
Empty_158_S345_R1_001.fastq.gz,337803,-0.0047
ITSmix-SB_80_S1072_R1_001.fastq.gz,537691,0.1367
ITS-NL2_183_S275_R2_001.fastq.gz,10891,0.1408
Empty_369_S824_R1_001.fastq.gz,6,0.0000
Empty_122_S172_R1_001.fastq.gz,116171,0.0006
ITS-NL2_51_S723_R2_001.fastq.gz,647632,0.1157
Empty_52_S52_R2_001.fastq.gz,1,0.0000
LSU-NL2_38_S998_R2_001.fastq.gz,300878,0.0054
